state_slug,state_name,state_code,district_name,district_code
andaman,Andaman & Nicobar Islands,35,Nicobars,638
andaman,Andaman & Nicobar Islands,35,South Andaman,640
andaman,Andaman & Nicobar Islands,35,North  & Middle Andaman,639
andhrapradesh,Andhra Pradesh,28,Anantapur,553
andhrapradesh,Andhra Pradesh,28,Chittoor,554
andhrapradesh,Andhra Pradesh,28,Y.S.R.,551
andhrapradesh,Andhra Pradesh,28,East Godavari,545
andhrapradesh,Andhra Pradesh,28,Guntur,548
andhrapradesh,Andhra Pradesh,28,Krishna,547
andhrapradesh,Andhra Pradesh,28,Kurnool,552
andhrapradesh,Andhra Pradesh,28,Prakasam,549
andhrapradesh,Andhra Pradesh,28,Srikakulam,542
andhrapradesh,Andhra Pradesh,28,Visakhapatnam,544
andhrapradesh,Andhra Pradesh,28,Vizianagaram,543
andhrapradesh,Andhra Pradesh,28,West Godavari,546
andhrapradesh,Andhra Pradesh,28,Sri Potti Sriramulu Nellore,550
assam,Assam,18,Barpeta,303
assam,Assam,18,Chirang,320
assam,Assam,18,Cachar,316
assam,Assam,18,Udalguri,326
assam,Assam,18,Dhemaji,308
assam,Assam,18,Dhuburi,301
assam,Assam,18,Dibrugarh,310
assam,Assam,18,Goalpara,302
assam,Assam,18,Golaghat,313
assam,Assam,18,Hailakandi,318
assam,Assam,18,Jorhat,312
assam,Assam,18,Kamrup,321
assam,Assam,18,Karimganj,317
assam,Assam,18,Lakhimpur,307
assam,Assam,18,Morigaon,304
assam,Assam,18,Nagaon,305
assam,Assam,18,Dima Hasao,315
assam,Assam,18,Sivasagar,311
assam,Assam,18,Sonitpur,306
assam,Assam,18,Tinsukia,309
assam,Assam,18,Nalbari,323
assam,Assam,18,Baksa,324
assam,Assam,18,Kamrup Metropolitan,322
assam,Assam,18,Darrang,325
assam,Assam,18,Bongaigaon,319
assam,Assam,18,Karbi Anglong,314
assam,Assam,18,Kokrajhar,300
bihar,Bihar,10,Araria,209
bihar,Bihar,10,Aurangabad,235
bihar,Bihar,10,Banka,225
bihar,Bihar,10,Begusarai,222
bihar,Bihar,10,Kaimur (Bhabua),233
bihar,Bihar,10,Bhagalpur,224
bihar,Bihar,10,Bhojpur,231
bihar,Bihar,10,Buxar,232
bihar,Bihar,10,Gaya,236
bihar,Bihar,10,Gopalganj,217
bihar,Bihar,10,Jamui,238
bihar,Bihar,10,Jehanabad,239
bihar,Bihar,10,Katihar,212
bihar,Bihar,10,Khagaria,223
bihar,Bihar,10,Kishanganj,210
bihar,Bihar,10,Madhepura,213
bihar,Bihar,10,Muzaffarpur,216
bihar,Bihar,10,Nalanda,229
bihar,Bihar,10,Nawada,237
bihar,Bihar,10,Pashchim Champaran,203
bihar,Bihar,10,Patna,230
bihar,Bihar,10,Purba Champaran,204
bihar,Bihar,10,Purnia,211
bihar,Bihar,10,Rohtas,234
bihar,Bihar,10,Saharsa,214
bihar,Bihar,10,Samastipur,221
bihar,Bihar,10,Saran,219
bihar,Bihar,10,Sheikhpura,228
bihar,Bihar,10,Sheohar,205
bihar,Bihar,10,Sitamarhi,206
bihar,Bihar,10,Supaul,208
bihar,Bihar,10,Vaishali,220
bihar,Bihar,10,Arwal,240
bihar,Bihar,10,Darbhanga,215
bihar,Bihar,10,Madhubani,207
bihar,Bihar,10,Munger,226
bihar,Bihar,10,Siwan,218
bihar,Bihar,10,Lakhisarai,227
chandigarh,Chandigarh,04,Chandigarh,
chhattisgarh,Chhattisgarh,22,Bastar,414
chhattisgarh,Chhattisgarh,22,Sukma,
chhattisgarh,Chhattisgarh,22,Dhamtari,412
chhattisgarh,Chhattisgarh,22,Balod,
chhattisgarh,Chhattisgarh,22,Janjgir-Champa,405
chhattisgarh,Chhattisgarh,22,Jashpur,402
chhattisgarh,Chhattisgarh,22,Uttar Bastar Kanker,413
chhattisgarh,Chhattisgarh,22,Kabeerdham,407
chhattisgarh,Chhattisgarh,22,Korba,404
chhattisgarh,Chhattisgarh,22,Koriya,400
chhattisgarh,Chhattisgarh,22,Mahasamund,411
chhattisgarh,Chhattisgarh,22,Raigarh,403
chhattisgarh,Chhattisgarh,22,Gariaband,
chhattisgarh,Chhattisgarh,22,Rajnandgaon,408
chhattisgarh,Chhattisgarh,22,Balrampur,
chhattisgarh,Chhattisgarh,22,Narayanpur,415
chhattisgarh,Chhattisgarh,22,Bijapur,417
chhattisgarh,Chhattisgarh,22,Baloda Bazar,
chhattisgarh,Chhattisgarh,22,Raipur,410
chhattisgarh,Chhattisgarh,22,Mungeli,
chhattisgarh,Chhattisgarh,22,Bemetra,
chhattisgarh,Chhattisgarh,22,Durg,409
chhattisgarh,Chhattisgarh,22,Dakshin Bastar Dantewada,416
chhattisgarh,Chhattisgarh,22,Kondagaon,
chhattisgarh,Chhattisgarh,22,Surajpur,
chhattisgarh,Chhattisgarh,22,Surguja,401
chhattisgarh,Chhattisgarh,22,Bilaspur,406
dadra,Dadra and Nagar Haveli,26,Dadra and Nagar Haveli,496
daman,Daman and Diu,25,Daman,495
daman,Daman and Diu,25,Diu,494
delhi,NCT of Delhi,07,Central,095
delhi,NCT of Delhi,07,North,091
delhi,NCT of Delhi,07,North West,090
delhi,NCT of Delhi,07,West,096
delhi,NCT of Delhi,07,South West,097
delhi,NCT of Delhi,07,New Delhi,094
delhi,NCT of Delhi,07,South,098
delhi,NCT of Delhi,07,South East,
delhi,NCT of Delhi,07,East,093
delhi,NCT of Delhi,07,Shahdara,
delhi,NCT of Delhi,07,North East,092
goa,Goa,30,North Goa,585
goa,Goa,30,South Goa,586
gujrat,Gujarat,24,Amreli,480
gujrat,Gujarat,24,Banas Kantha,469
gujrat,Gujarat,24,Bharuch,488
gujrat,Gujarat,24,Dohod,485
gujrat,Gujarat,24,Gandhinagar,473
gujrat,Gujarat,24,Junagadh,479
gujrat,Gujarat,24,Kachchh,468
gujrat,Gujarat,24,Kheda,483
gujrat,Gujarat,24,Mahesana,471
gujrat,Gujarat,24,Narmada,487
gujrat,Gujarat,24,Navsari,489
gujrat,Gujarat,24,Panch Mahals,484
gujrat,Gujarat,24,Patan,470
gujrat,Gujarat,24,Porbandar,478
gujrat,Gujarat,24,Rajkot,476
gujrat,Gujarat,24,Sabar Kantha,472
gujrat,Gujarat,24,Surendranagar,475
gujrat,Gujarat,24,The Dangs,489
gujrat,Gujarat,24,Valsad,491
gujrat,Gujarat,24,Vadodara,486
gujrat,Gujarat,24,Chhota Udaipur,
gujrat,Gujarat,24,Botad,
gujrat,Gujarat,24,Gir Somnath,
gujrat,Gujarat,24,Mahisagar,
gujrat,Gujarat,24,Jamnagar,477
gujrat,Gujarat,24,Devbhoomi Dwarka,
gujrat,Gujarat,24,Morvi,
gujrat,Gujarat,24,Aravali,
gujrat,Gujarat,24,Anand,482
gujrat,Gujarat,24,Bhavnagar,481
gujrat,Gujarat,24,Ahmadabad,474
gujrat,Gujarat,24,Tapi,493
gujrat,Gujarat,24,Surat,492
haryana,Haryana,06,Ambala,070
haryana,Haryana,06,Bhiwani,081
haryana,Haryana,06,Palwal,089
haryana,Haryana,06,Fatehabad,078
haryana,Haryana,06,Mewat,087
haryana,Haryana,06,Hisar,080
haryana,Haryana,06,Jhajjar,083
haryana,Haryana,06,Jind,077
haryana,Haryana,06,Kaithal,073
haryana,Haryana,06,Karnal,074
haryana,Haryana,06,Kurukshetra,072
haryana,Haryana,06,Mahendragarh,084
haryana,Haryana,06,Panchkula,069
haryana,Haryana,06,Panipat,075
haryana,Haryana,06,Rewari,085
haryana,Haryana,06,Rohtak,082
haryana,Haryana,06,Sirsa,079
haryana,Haryana,06,Sonipat,076
haryana,Haryana,06,Yamuna Nagar,071
haryana,Haryana,06,Faridabad,088
haryana,Haryana,06,Gurgaon,086
haryana,Haryana,06,Dadri,
jharkhand,Jharkhand,20,Bokaro,355
jharkhand,Jharkhand,20,Chatra,347
jharkhand,Jharkhand,20,Deoghar,350
jharkhand,Jharkhand,20,Dhanbad,354
jharkhand,Jharkhand,20,Dumka,362
jharkhand,Jharkhand,20,Garhwa,346
jharkhand,Jharkhand,20,Giridih,349
jharkhand,Jharkhand,20,Godda,351
jharkhand,Jharkhand,20,Gumla,366
jharkhand,Jharkhand,20,Hazaribag,360
jharkhand,Jharkhand,20,Jamtara,363
jharkhand,Jharkhand,20,Kodarma,348
jharkhand,Jharkhand,20,Latehar,359
jharkhand,Jharkhand,20,Lohardaga,356
jharkhand,Jharkhand,20,Pakur,353
jharkhand,Jharkhand,20,Palamu,358
jharkhand,Jharkhand,20,Pashchimi Singhbhum,368
jharkhand,Jharkhand,20,Purba Singhbhum,357
jharkhand,Jharkhand,20,Ranchi,364
jharkhand,Jharkhand,20,Sahibganj,352
jharkhand,Jharkhand,20,Saraikela-Kharsawan,369
jharkhand,Jharkhand,20,Simdega,367
jharkhand,Jharkhand,20,Khunti,365
jharkhand,Jharkhand,20,Ramgarh,361
karnataka,Karnataka,29,Bagalkot,556
karnataka,Karnataka,29,Ramanagara,584
karnataka,Karnataka,29,Bangalore,572
karnataka,Karnataka,29,Belgaum,555
karnataka,Karnataka,29,Bellary,565
karnataka,Karnataka,29,Bidar,558
karnataka,Karnataka,29,Bijapur,557
karnataka,Karnataka,29,Chamrajnagar,578
karnataka,Karnataka,29,Chikmagalur,570
karnataka,Karnataka,29,Chitradurga,566
karnataka,Karnataka,29,Dakshina Kannada,575
karnataka,Karnataka,29,Davanagere,567
karnataka,Karnataka,29,Dharwad,562
karnataka,Karnataka,29,Gadag,561
karnataka,Karnataka,29,Gulbarga,579
karnataka,Karnataka,29,Hassan,574
karnataka,Karnataka,29,Haveri,564
karnataka,Karnataka,29,Kodagu,576
karnataka,Karnataka,29,Chikkaballapura,582
karnataka,Karnataka,29,Koppal,560
karnataka,Karnataka,29,Mandya,573
karnataka,Karnataka,29,Mysore,577
karnataka,Karnataka,29,Raichur,559
karnataka,Karnataka,29,Shimoga,568
karnataka,Karnataka,29,Tumkur,571
karnataka,Karnataka,29,Udupi,569
karnataka,Karnataka,29,Uttara Kannada,563
karnataka,Karnataka,29,Bangalore Rural,583
karnataka,Karnataka,29,Kolar,581
karnataka,Karnataka,29,Yadgir,580
kerala,Kerala,32,Alappuzha,598
kerala,Kerala,32,Ernakulam,595
kerala,Kerala,32,Idukki,596
kerala,Kerala,32,Kannur,589
kerala,Kerala,32,Kasaragod,588
kerala,Kerala,32,Kollam,600
kerala,Kerala,32,Kottayam,597
kerala,Kerala,32,Kozhikode,591
kerala,Kerala,32,Malappuram,592
kerala,Kerala,32,Palakkad,593
kerala,Kerala,32,Pathanamthitta,599
kerala,Kerala,32,Thiruvananthapuram,601
kerala,Kerala,32,Thrissur,594
kerala,Kerala,32,Wayanad,590
lakshadweep,Lakshadweep,31,Lakshadweep,587
madhyapradesh,Madhya Pradesh,23,Tikamgarh,424
madhyapradesh,Madhya Pradesh,23,Ujjain,435
madhyapradesh,Madhya Pradesh,23,Umaria,431
madhyapradesh,Madhya Pradesh,23,Vidisha,443
madhyapradesh,Madhya Pradesh,23,Khargone (West Nimar),440
madhyapradesh,Madhya Pradesh,23,Balaghat,457
madhyapradesh,Madhya Pradesh,23,Barwani,441
madhyapradesh,Madhya Pradesh,23,Betul,447
madhyapradesh,Madhya Pradesh,23,Bhind,420
madhyapradesh,Madhya Pradesh,23,Bhopal,444
madhyapradesh,Madhya Pradesh,23,Burhanpur,467
madhyapradesh,Madhya Pradesh,23,Chhatarpur,425
madhyapradesh,Madhya Pradesh,23,Chhindwara,455
madhyapradesh,Madhya Pradesh,23,Damoh,428
madhyapradesh,Madhya Pradesh,23,Anuppur,461
madhyapradesh,Madhya Pradesh,23,Ashoknagar,459
madhyapradesh,Madhya Pradesh,23,Dewas,437
madhyapradesh,Madhya Pradesh,23,Dhar,438
madhyapradesh,Madhya Pradesh,23,Dindori,453
madhyapradesh,Madhya Pradesh,23,Khandwa (East Nimar),466
madhyapradesh,Madhya Pradesh,23,Guna,458
madhyapradesh,Madhya Pradesh,23,Gwalior,421
madhyapradesh,Madhya Pradesh,23,Harda,448
madhyapradesh,Madhya Pradesh,23,Hoshangabad,449
madhyapradesh,Madhya Pradesh,23,Indore,439
madhyapradesh,Madhya Pradesh,23,Jabalpur,451
madhyapradesh,Madhya Pradesh,23,Jhabua,464
madhyapradesh,Madhya Pradesh,23,Katni,450
madhyapradesh,Madhya Pradesh,23,Mandla,454
madhyapradesh,Madhya Pradesh,23,Mandsaur,433
madhyapradesh,Madhya Pradesh,23,Morena,419
madhyapradesh,Madhya Pradesh,23,Narsimhapur,452
madhyapradesh,Madhya Pradesh,23,Neemuch,432
madhyapradesh,Madhya Pradesh,23,Raisen,446
madhyapradesh,Madhya Pradesh,23,Rajgarh,442
madhyapradesh,Madhya Pradesh,23,Ratlam,434
madhyapradesh,Madhya Pradesh,23,Rewa,430
madhyapradesh,Madhya Pradesh,23,Sagar,427
madhyapradesh,Madhya Pradesh,23,Satna,429
madhyapradesh,Madhya Pradesh,23,Sehore,445
madhyapradesh,Madhya Pradesh,23,Seoni,456
madhyapradesh,Madhya Pradesh,23,Shahdol,460
madhyapradesh,Madhya Pradesh,23,Shajapur,436
madhyapradesh,Madhya Pradesh,23,Sheopur,418
madhyapradesh,Madhya Pradesh,23,Shivpuri,423
madhyapradesh,Madhya Pradesh,23,Singrauli,463
madhyapradesh,Madhya Pradesh,23,Alirajpur,465
madhyapradesh,Madhya Pradesh,23,Sidhi,462
madhyapradesh,Madhya Pradesh,23,Agar,
madhyapradesh,Madhya Pradesh,23,Datia,422
madhyapradesh,Madhya Pradesh,23,Panna,426
maharashtra,Maharashtra,27,Ahmadnagar,522
maharashtra,Maharashtra,27,Akola,501
maharashtra,Maharashtra,27,Amravati,503
maharashtra,Maharashtra,27,Aurangabad,515
maharashtra,Maharashtra,27,Bid,523
maharashtra,Maharashtra,27,Buldana,500
maharashtra,Maharashtra,27,Chandrapur,509
maharashtra,Maharashtra,27,Dhule,498
maharashtra,Maharashtra,27,Garhchiroli,508
maharashtra,Maharashtra,27,Gondiya,507
maharashtra,Maharashtra,27,Mumbai Suburban,518
maharashtra,Maharashtra,27,Hingoli,512
maharashtra,Maharashtra,27,Jalgaon,499
maharashtra,Maharashtra,27,Jalna,514
maharashtra,Maharashtra,27,Kolhapur,530
maharashtra,Maharashtra,27,Latur,524
maharashtra,Maharashtra,27,Nagpur,505
maharashtra,Maharashtra,27,Nanded,511
maharashtra,Maharashtra,27,Nandurbar,497
maharashtra,Maharashtra,27,Nashik,516
maharashtra,Maharashtra,27,Osmanabad,525
maharashtra,Maharashtra,27,Parbhani,513
maharashtra,Maharashtra,27,Pune,521
maharashtra,Maharashtra,27,Raigarh,520
maharashtra,Maharashtra,27,Ratnagiri,528
maharashtra,Maharashtra,27,Sangli,531
maharashtra,Maharashtra,27,Satara,527
maharashtra,Maharashtra,27,Sindhudurg,529
maharashtra,Maharashtra,27,Solapur,526
maharashtra,Maharashtra,27,Thane,517
maharashtra,Maharashtra,27,Wardha,504
maharashtra,Maharashtra,27,Washim,502
maharashtra,Maharashtra,27,Yavatmal,510
maharashtra,Maharashtra,27,Bhandara,506
maharashtra,Maharashtra,27,Palghar,
maharashtra,Maharashtra,27,Mumbai,519
manipur,Manipur,14,Bishnupur,275
manipur,Manipur,14,Chandel,280
manipur,Manipur,14,Churachandpur,274
manipur,Manipur,14,Tamenglong,273
manipur,Manipur,14,Thoubal,276
manipur,Manipur,14,Ukhrul,279
manipur,Manipur,14,Imphal West,277
manipur,Manipur,14,Noney,
manipur,Manipur,14,Imphal East,278
manipur,Manipur,14,Jiribam,
manipur,Manipur,14,Pherzawl,
manipur,Manipur,14,Tengnoupal,
manipur,Manipur,14,Kakching,
manipur,Manipur,14,Senapati,272
manipur,Manipur,14,Kangpokpi,
manipur,Manipur,14,Kamjong,
meghalaya,Meghalaya,17,East Garo Hills,294
meghalaya,Meghalaya,17,East Khasi Hills,298
meghalaya,Meghalaya,17,East Jaintia Hills,
meghalaya,Meghalaya,17,Ribhoi,297
meghalaya,Meghalaya,17,South Garo Hills,295
meghalaya,Meghalaya,17,West Garo Hills,293
meghalaya,Meghalaya,17,West Khasi Hills,296
meghalaya,Meghalaya,17,North Garo Hills,
meghalaya,Meghalaya,17,South West Garo Hills,
meghalaya,Meghalaya,17,South West Khasi Hills,
meghalaya,Meghalaya,17,West Jaintia Hills,
mizoram,Mizoram,15,Aizawl,283
mizoram,Mizoram,15,Champhai,284
mizoram,Mizoram,15,Kolasib,282
mizoram,Mizoram,15,Lawngtlai,287
mizoram,Mizoram,15,Lunglei,286
mizoram,Mizoram,15,Mamit,281
mizoram,Mizoram,15,Saiha,288
mizoram,Mizoram,15,Serchhip,285
nagaland,Nagaland,13,Dimapur,265
nagaland,Nagaland,13,Peren,271
nagaland,Nagaland,13,Mokokchung,262
nagaland,Nagaland,13,Mon,261
nagaland,Nagaland,13,Phek,266
nagaland,Nagaland,13,Tuensang,267
nagaland,Nagaland,13,Wokha,264
nagaland,Nagaland,13,Zunheboto,263
nagaland,Nagaland,13,Kiphire,269
nagaland,Nagaland,13,Longleng,268
nagaland,Nagaland,13,Kohima,270
orissa,Orissa,21,Angul,384
orissa,Orissa,21,Baleshwar,377
orissa,Orissa,21,Bargarh,370
orissa,Orissa,21,Bhadrak,378
orissa,Orissa,21,Balangir,393
orissa,Orissa,21,Boudh,391
orissa,Orissa,21,Cuttack,381
orissa,Orissa,21,Debagarh,373
orissa,Orissa,21,Dhenkanal,383
orissa,Orissa,21,Gajapati,389
orissa,Orissa,21,Ganjam,388
orissa,Orissa,21,Jagatsinghapur,380
orissa,Orissa,21,Jajapur,382
orissa,Orissa,21,Jharsuguda,371
orissa,Orissa,21,Kalahandi,395
orissa,Orissa,21,Kandhamal,390
orissa,Orissa,21,Kendrapara,379
orissa,Orissa,21,Kendujhar,375
orissa,Orissa,21,Khordha,386
orissa,Orissa,21,Koraput,398
orissa,Orissa,21,Malkangiri,399
orissa,Orissa,21,Mayurbhanj,376
orissa,Orissa,21,Nabarangapur,397
orissa,Orissa,21,Nayagarh,385
orissa,Orissa,21,Nuapada,394
orissa,Orissa,21,Puri,387
orissa,Orissa,21,Rayagada,396
orissa,Orissa,21,Sambalpur,372
orissa,Orissa,21,Subarnapur,392
orissa,Orissa,21,Sundargarh,374
puducherry,Puducherry,34,Karaikal,637
puducherry,Puducherry,34,Mahe,636
puducherry,Puducherry,34,Yanam,634
puducherry,Puducherry,34,Puducherry,635
punjab,Punjab,03,Amritsar,049
punjab,Punjab,03,Bathinda,046
punjab,Punjab,03,Faridkot,045
punjab,Punjab,03,Fatehgarh Sahib,040
punjab,Punjab,03,Fazilka,
punjab,Punjab,03,Hoshiarpur,038
punjab,Punjab,03,Jalandhar,037
punjab,Punjab,03,Kapurthala,036
punjab,Punjab,03,Ludhiana,041
punjab,Punjab,03,Mansa,047
punjab,Punjab,03,Moga,042
punjab,Punjab,03,Muktsar,044
punjab,Punjab,03,Shahid Bhagat Singh Nagar,039
punjab,Punjab,03,Patiala,048
punjab,Punjab,03,Rupnagar,051
punjab,Punjab,03,Sangrur,053
punjab,Punjab,03,Gurdaspur,035
punjab,Punjab,03,Tarn Taran,050
punjab,Punjab,03,Barnala,054
punjab,Punjab,03,Sahibzada Ajit Singh Nagar,052
punjab,Punjab,03,Pathankot,
punjab,Punjab,03,Firozpur,043
rajasthan,Rajasthan,08,Karauli,107
rajasthan,Rajasthan,08,Kota,127
rajasthan,Rajasthan,08,Nagaur,112
rajasthan,Rajasthan,08,Pali,118
rajasthan,Rajasthan,08,Rajsamand,123
rajasthan,Rajasthan,08,Sawai Madhopur,108
rajasthan,Rajasthan,08,Sikar,111
rajasthan,Rajasthan,08,Sirohi,117
rajasthan,Rajasthan,08,Ajmer,119
rajasthan,Rajasthan,08,Alwar,104
rajasthan,Rajasthan,08,Banswara,125
rajasthan,Rajasthan,08,Baran,128
rajasthan,Rajasthan,08,Barmer,115
rajasthan,Rajasthan,08,Bharatpur,105
rajasthan,Rajasthan,08,Bhilwara,122
rajasthan,Rajasthan,08,Bikaner,101
rajasthan,Rajasthan,08,Bundi,121
rajasthan,Rajasthan,08,Churu,102
rajasthan,Rajasthan,08,Dausa,109
rajasthan,Rajasthan,08,Dhaulpur,106
rajasthan,Rajasthan,08,Dungarpur,124
rajasthan,Rajasthan,08,Ganganagar,099
rajasthan,Rajasthan,08,Hanumangarh,100
rajasthan,Rajasthan,08,Jaipur,110
rajasthan,Rajasthan,08,Jaisalmer,114
rajasthan,Rajasthan,08,Jalor,116
rajasthan,Rajasthan,08,Jhalawar,129
rajasthan,Rajasthan,08,Jhunjhunun,103
rajasthan,Rajasthan,08,Jodhpur,113
rajasthan,Rajasthan,08,Tonk,120
rajasthan,Rajasthan,08,Udaipur,130
rajasthan,Rajasthan,08,Pratapgarh,131
rajasthan,Rajasthan,08,Chittaurgarh,126
sikkim,Sikkim,11,East District,244
sikkim,Sikkim,11,North  District,241
sikkim,Sikkim,11,South District,243
sikkim,Sikkim,11,West District,242
tamilnadu,Tamil Nadu,33,Madurai,623
tamilnadu,Tamil Nadu,33,Nagapattinam,618
tamilnadu,Tamil Nadu,33,Namakkal,609
tamilnadu,Tamil Nadu,33,The Nilgiris,611
tamilnadu,Tamil Nadu,33,Perambalur,615
tamilnadu,Tamil Nadu,33,Pudukkottai,621
tamilnadu,Tamil Nadu,33,Ramanathapuram,626
tamilnadu,Tamil Nadu,33,Salem,608
tamilnadu,Tamil Nadu,33,Ariyalur,616
tamilnadu,Tamil Nadu,33,Chennai,603
tamilnadu,Tamil Nadu,33,Coimbatore,632
tamilnadu,Tamil Nadu,33,Cuddalore,617
tamilnadu,Tamil Nadu,33,Krishnagiri,631
tamilnadu,Tamil Nadu,33,Dindigul,612
tamilnadu,Tamil Nadu,33,Erode,610
tamilnadu,Tamil Nadu,33,Kancheepuram,604
tamilnadu,Tamil Nadu,33,Kanniyakumari,629
tamilnadu,Tamil Nadu,33,Karur,613
tamilnadu,Tamil Nadu,33,Sivaganga,622
tamilnadu,Tamil Nadu,33,Thanjavur,620
tamilnadu,Tamil Nadu,33,Theni,624
tamilnadu,Tamil Nadu,33,Thiruvallur,602
tamilnadu,Tamil Nadu,33,Thiruvarur,619
tamilnadu,Tamil Nadu,33,Thoothukudi,627
tamilnadu,Tamil Nadu,33,Tiruchchirappalli,614
tamilnadu,Tamil Nadu,33,Tirunelveli,628
tamilnadu,Tamil Nadu,33,Tiruvannamalai,606
tamilnadu,Tamil Nadu,33,Vellore,605
tamilnadu,Tamil Nadu,33,Villupuram,607
tamilnadu,Tamil Nadu,33,Virudhunagar,625
tamilnadu,Tamil Nadu,33,Tiruppur,633
tamilnadu,Tamil Nadu,33,Dharmapuri,630
telangana,Telangana,,Nirmal,
telangana,Telangana,,Hyderabad,536
telangana,Telangana,,Jaya Shankar,
telangana,Telangana,,Kothagudem,
telangana,Telangana,,Nagarkurnool,
telangana,Telangana,,Siddipet,
telangana,Telangana,,Suryapet,
telangana,Telangana,,Nizamabad,533
telangana,Telangana,,Shamshabad,
telangana,Telangana,,Komaram Bheem,
telangana,Telangana,,Adilabad,532
telangana,Telangana,,Jagtial,
telangana,Telangana,,Peddapalle,
telangana,Telangana,,Karimnagar,534
telangana,Telangana,,Hanamkonda,
telangana,Telangana,,Mahabubabad,
telangana,Telangana,,Khammam,541
telangana,Telangana,,Mahbubnagar,538
telangana,Telangana,,Wanaparthy,
telangana,Telangana,,Sangareddy,
telangana,Telangana,,Medak,535
telangana,Telangana,,Yadadri,
telangana,Telangana,,Nalgonda,539
telangana,Telangana,,Kamareddy,
telangana,Telangana,,Rangareddy,537
telangana,Telangana,,Malkajgiri,
telangana,Telangana,,Warangal,540
tripura,Tripura,16,Dhalai,291
tripura,Tripura,16,North Tripura,292
tripura,Tripura,16,Gomati,
tripura,Tripura,16,Sepahijala,
tripura,Tripura,16,Unakoti,
tripura,Tripura,16,Khowai,
tripura,Tripura,16,West Tripura,289
tripura,Tripura,16,South Tripura,290
uttarakhand,Uttarakhand,05,Almora,064
uttarakhand,Uttarakhand,05,Bageshwar,063
uttarakhand,Uttarakhand,05,Chamoli,057
uttarakhand,Uttarakhand,05,Champawat,065
uttarakhand,Uttarakhand,05,Dehradun,060
uttarakhand,Uttarakhand,05,Hardwar,068
uttarakhand,Uttarakhand,05,Nainital,066
uttarakhand,Uttarakhand,05,Garhwal,061
uttarakhand,Uttarakhand,05,Pithoragarh,062
uttarakhand,Uttarakhand,05,Rudraprayag,058
uttarakhand,Uttarakhand,05,Tehri Garhwal,059
uttarakhand,Uttarakhand,05,Udham Singh Nagar,067
uttarakhand,Uttarakhand,05,Uttarkashi,056
uttarpradesh,Uttar Pradesh,09,Agra,146
uttarpradesh,Uttar Pradesh,09,Aligarh,143
uttarpradesh,Uttar Pradesh,09,Allahabad,175
uttarpradesh,Uttar Pradesh,09,Ambedkar Nagar,178
uttarpradesh,Uttar Pradesh,09,Auraiya,162
uttarpradesh,Uttar Pradesh,09,Azamgarh,191
uttarpradesh,Uttar Pradesh,09,Budaun,149
uttarpradesh,Uttar Pradesh,09,Baghpat,139
uttarpradesh,Uttar Pradesh,09,Bahraich,180
uttarpradesh,Uttar Pradesh,09,Ballia,193
uttarpradesh,Uttar Pradesh,09,Balrampur,182
uttarpradesh,Uttar Pradesh,09,Banda,170
uttarpradesh,Uttar Pradesh,09,Bara Banki,176
uttarpradesh,Uttar Pradesh,09,Bareilly,150
uttarpradesh,Uttar Pradesh,09,Basti,185
uttarpradesh,Uttar Pradesh,09,Bijnor,134
uttarpradesh,Uttar Pradesh,09,Bulandshahr,142
uttarpradesh,Uttar Pradesh,09,Chandauli,196
uttarpradesh,Uttar Pradesh,09,Chitrakoot,171
uttarpradesh,Uttar Pradesh,09,Deoria,190
uttarpradesh,Uttar Pradesh,09,Etah,201
uttarpradesh,Uttar Pradesh,09,Etawah,161
uttarpradesh,Uttar Pradesh,09,Faizabad,177
uttarpradesh,Uttar Pradesh,09,Farrukhabad,159
uttarpradesh,Uttar Pradesh,09,Fatehpur,172
uttarpradesh,Uttar Pradesh,09,Firozabad,147
uttarpradesh,Uttar Pradesh,09,Gautam Buddha Nagar,141
uttarpradesh,Uttar Pradesh,09,Hapur,
uttarpradesh,Uttar Pradesh,09,Ghazipur,195
uttarpradesh,Uttar Pradesh,09,Gonda,183
uttarpradesh,Uttar Pradesh,09,Gorakhpur,188
uttarpradesh,Uttar Pradesh,09,Hamirpur,168
uttarpradesh,Uttar Pradesh,09,Hardoi,155
uttarpradesh,Uttar Pradesh,09,Hathras,144
uttarpradesh,Uttar Pradesh,09,Jalaun,165
uttarpradesh,Uttar Pradesh,09,Jaunpur,194
uttarpradesh,Uttar Pradesh,09,Jhansi,166
uttarpradesh,Uttar Pradesh,09,Amroha,137
uttarpradesh,Uttar Pradesh,09,Kannauj,160
uttarpradesh,Uttar Pradesh,09,Kanpur Nagar,164
uttarpradesh,Uttar Pradesh,09,Kanpur Dehat,163
uttarpradesh,Uttar Pradesh,09,Kaushambi,174
uttarpradesh,Uttar Pradesh,09,Kushinagar,189
uttarpradesh,Uttar Pradesh,09,Kheri,153
uttarpradesh,Uttar Pradesh,09,Lalitpur,167
uttarpradesh,Uttar Pradesh,09,Lucknow,157
uttarpradesh,Uttar Pradesh,09,Maharajganj,187
uttarpradesh,Uttar Pradesh,09,Mahoba,169
uttarpradesh,Uttar Pradesh,09,Mainpuri,148
uttarpradesh,Uttar Pradesh,09,Mau,192
uttarpradesh,Uttar Pradesh,09,Meerut,138
uttarpradesh,Uttar Pradesh,09,Mirzapur,199
uttarpradesh,Uttar Pradesh,09,Moradabad,135
uttarpradesh,Uttar Pradesh,09,Muzaffarnagar,133
uttarpradesh,Uttar Pradesh,09,Pilibhit,151
uttarpradesh,Uttar Pradesh,09,Pratapgarh,173
uttarpradesh,Uttar Pradesh,09,Rae Bareli,158
uttarpradesh,Uttar Pradesh,09,Rampur,136
uttarpradesh,Uttar Pradesh,09,Saharanpur,132
uttarpradesh,Uttar Pradesh,09,Sant Kabir Nagar,186
uttarpradesh,Uttar Pradesh,09,Sant Ravidas Nagar (Bhadohi),198
uttarpradesh,Uttar Pradesh,09,Shahjahanpur,152
uttarpradesh,Uttar Pradesh,09,Shravasti,181
uttarpradesh,Uttar Pradesh,09,Siddharthnagar,184
uttarpradesh,Uttar Pradesh,09,Sitapur,154
uttarpradesh,Uttar Pradesh,09,Sonbhadra,200
uttarpradesh,Uttar Pradesh,09,Sultanpur,179
uttarpradesh,Uttar Pradesh,09,Unnao,156
uttarpradesh,Uttar Pradesh,09,Varanasi,197
uttarpradesh,Uttar Pradesh,09,Ghaziabad,140
uttarpradesh,Uttar Pradesh,09,Shamli,
uttarpradesh,Uttar Pradesh,09,Sambhal,
uttarpradesh,Uttar Pradesh,09,Amethi,
uttarpradesh,Uttar Pradesh,09,Kasganj,202
uttarpradesh,Uttar Pradesh,09,Mathura,145
westbengal,West Bengal,19,Bankura,339
westbengal,West Bengal,19,Barddhaman,335
westbengal,West Bengal,19,Birbhum,334
westbengal,West Bengal,19,Dakshin Dinajpur,331
westbengal,West Bengal,19,Darjiling,327
westbengal,West Bengal,19,Purba Medinipur,345
westbengal,West Bengal,19,Haora,341
westbengal,West Bengal,19,Hugli,338
westbengal,West Bengal,19,Koch Bihar,329
westbengal,West Bengal,19,Kolkata,342
westbengal,West Bengal,19,Maldah,332
westbengal,West Bengal,19,Murshidabad,333
westbengal,West Bengal,19,Nadia,336
westbengal,West Bengal,19,Puruliya,340
westbengal,West Bengal,19,South Twenty Four Parganas,343
westbengal,West Bengal,19,Paschim Medinipur,344
westbengal,West Bengal,19,Alipurduar,
westbengal,West Bengal,19,Uttar Dinajpur,330
westbengal,West Bengal,19,Jalpaiguri,328
westbengal,West Bengal,19,North Twenty Four Parganas,337
